<annotation>
  <folder>20250402</folder>
  <filename>20250402_103433.jpg</filename>
  <source>
    <database>Unknown</database>
    <annotation>Unknown</annotation>
    <image>Unknown</image>
  </source>
  <size>
    <width>1410</width>
    <height>1411</height>
    <depth></depth>
  </size>
  <segmented>0</segmented>
  <object>
    <name>truck</name>
    <truncated>0</truncated>
    <occluded>0</occluded>
    <difficult>0</difficult>
    <bndbox>
      <xmin>1238.23</xmin>
      <ymin>667.34</ymin>
      <xmax>1410.0</xmax>
      <ymax>846.57</ymax>
    </bndbox>
    <attributes>
      <attribute>
        <name>rotation</name>
        <value>0.0</value>
      </attribute>
    </attributes>
  </object>
  <object>
    <name>truck</name>
    <truncated>0</truncated>
    <occluded>0</occluded>
    <difficult>0</difficult>
    <bndbox>
      <xmin>208.16</xmin>
      <ymin>599.18</ymin>
      <xmax>1079.19</xmax>
      <ymax>919.78</ymax>
    </bndbox>
    <attributes>
      <attribute>
        <name>rotation</name>
        <value>0.0</value>
      </attribute>
    </attributes>
  </object>
</annotation>
