<annotation>
  <folder>20250526</folder>
  <filename>20250526_124159.jpg</filename>
  <source>
    <database>Unknown</database>
    <annotation>Unknown</annotation>
    <image>Unknown</image>
  </source>
  <size>
    <width>1853</width>
    <height>2472</height>
    <depth></depth>
  </size>
  <segmented>0</segmented>
  <object>
    <name>mini-truck</name>
    <truncated>0</truncated>
    <occluded>0</occluded>
    <difficult>0</difficult>
    <bndbox>
      <xmin>603.5</xmin>
      <ymin>1143.77</ymin>
      <xmax>1325.56</xmax>
      <ymax>1899.81</ymax>
    </bndbox>
    <attributes>
      <attribute>
        <name>rotation</name>
        <value>0.0</value>
      </attribute>
    </attributes>
  </object>
  <object>
    <name>scooter</name>
    <truncated>0</truncated>
    <occluded>0</occluded>
    <difficult>0</difficult>
    <bndbox>
      <xmin>255.21</xmin>
      <ymin>1644.97</ymin>
      <xmax>416.61</xmax>
      <ymax>1916.8</ymax>
    </bndbox>
    <attributes>
      <attribute>
        <name>rotation</name>
        <value>0.0</value>
      </attribute>
    </attributes>
  </object>
  <object>
    <name>scooter</name>
    <truncated>0</truncated>
    <occluded>0</occluded>
    <difficult>0</difficult>
    <bndbox>
      <xmin>125.38</xmin>
      <ymin>1623.6</ymin>
      <xmax>175.04</xmax>
      <ymax>1721.53</ymax>
    </bndbox>
    <attributes>
      <attribute>
        <name>rotation</name>
        <value>0.0</value>
      </attribute>
    </attributes>
  </object>
  <object>
    <name>scooter</name>
    <truncated>0</truncated>
    <occluded>0</occluded>
    <difficult>0</difficult>
    <bndbox>
      <xmin>5.38</xmin>
      <ymin>1622.22</ymin>
      <xmax>64.69</xmax>
      <ymax>1731.19</ymax>
    </bndbox>
    <attributes>
      <attribute>
        <name>rotation</name>
        <value>0.0</value>
      </attribute>
    </attributes>
  </object>
</annotation>
